<annotation>
	<folder>images</folder>
	<filename>random_image_13_taxi_02.jpg</filename>
	<path>/home/pablo/Documentos/master-profe/software-en-matematicas/clases-python-v2/entrega/train/images/random_image_13_taxi_02.jpg</path>
	<source>
		<database>Unknown</database>
	</source>
	<size>
		<width>1065</width>
		<height>981</height>
		<depth>3</depth>
	</size>
	<segmented>0</segmented>
	<object>
		<name>taxi</name>
		<pose>Unspecified</pose>
		<truncated>0</truncated>
		<difficult>0</difficult>
		<bndbox>
			<xmin>124</xmin>
			<ymin>456</ymin>
			<xmax>915</xmax>
			<ymax>789</ymax>
		</bndbox>
	</object>
</annotation>
