<annotation>
	<folder>images</folder>
	<filename>random_image_20_taxi_05.jpg</filename>
	<path>/home/pablo/Documentos/master-profe/software-en-matematicas/clases-python-v2/entrega/train/images/random_image_20_taxi_05.jpg</path>
	<source>
		<database>Unknown</database>
	</source>
	<size>
		<width>640</width>
		<height>425</height>
		<depth>3</depth>
	</size>
	<segmented>0</segmented>
	<object>
		<name>taxi</name>
		<pose>Unspecified</pose>
		<truncated>1</truncated>
		<difficult>0</difficult>
		<bndbox>
			<xmin>78</xmin>
			<ymin>334</ymin>
			<xmax>294</xmax>
			<ymax>425</ymax>
		</bndbox>
	</object>
</annotation>
