<annotation>
	<folder>images</folder>
	<filename>random_image_24_taxi_03.jpg</filename>
	<path>/home/pablo/Documentos/master-profe/software-en-matematicas/clases-python-v2/entrega/train/images/random_image_24_taxi_03.jpg</path>
	<source>
		<database>Unknown</database>
	</source>
	<size>
		<width>1920</width>
		<height>1211</height>
		<depth>3</depth>
	</size>
	<segmented>0</segmented>
	<object>
		<name>taxi</name>
		<pose>Unspecified</pose>
		<truncated>0</truncated>
		<difficult>0</difficult>
		<bndbox>
			<xmin>1105</xmin>
			<ymin>733</ymin>
			<xmax>1464</xmax>
			<ymax>1160</ymax>
		</bndbox>
	</object>
</annotation>
